firstName;lastName;birthday;email;city;playOn;score
Karina;Barry;1935-10-13;dolor@tempusrisus.edu;Paris;2017-05-03;6870
Axel;Hamilton;1915-09-01;nibh.Phasellus.nulla@magnisdisparturient.co.uk;Paris;2017-02-06;7387
Lawrence;Nicholson;2005-09-25;Aenean.sed.pede@faucibus.org;Marseille;2017-01-16;7069
Raja;Sykes;1909-07-29;Sed.congue@purus.ca;Toulouse;2017-02-04;8101
Lila;Sanford;1985-11-09;risus.Duis@Suspendissedui.net;Lyon;2017-01-11;6858
Noah;Ellis;1945-07-06;mollis@ultricesmauris.edu;Nice;2017-06-02;3532
Alec;Mason;1902-09-21;dapibus@purusaccumsan.com;Paris;2017-04-24;8677
Plato;Burris;1910-04-06;id@infaucibusorci.org;Nice;2017-03-05;6062
Knox;Wilson;1961-07-24;non@Nullam.edu;Toulouse;2017-02-25;6543
Isabella;Sutton;1962-12-15;aliquet@facilisiseget.ca;Lyon;2017-04-26;5227
Gail;Mendez;2016-02-16;Curabitur.dictum@dictum.org;Lyon;2017-03-26;8882
Vanna;Hogan;1943-10-29;diam.nunc.ullamcorper@etlibero.com;Paris;2017-04-29;8280
Julian;Joyce;1970-05-22;cursus.non@egestas.net;Toulouse;2017-06-07;6468
Barbara;Reid;1976-05-24;lectus.justo.eu@tinciduntduiaugue.org;Toulouse;2017-05-29;4528
Kylie;Flores;1908-01-10;eu.erat.semper@morbitristique.org;Toulouse;2017-01-08;6364
Forrest;Benjamin;1995-05-20;Integer.vulputate.risus@lectus.net;Paris;2017-03-11;9591
Samantha;Ross;1987-09-17;ornare.sagittis.felis@pharetraNamac.ca;Marseille;2017-01-20;3073
Yen;Orr;1915-04-06;libero@risusNuncac.ca;Paris;2017-01-12;2234
Colby;Hoover;1999-09-22;magnis@tempus.com;Marseille;2017-02-18;3645
Abbot;Griffin;2012-02-06;semper.rutrum@tincidunt.org;Paris;2017-05-15;3556
Jolie;Madden;1912-11-08;turpis@dictum.edu;Toulouse;2017-01-29;4938
Jerome;Aguilar;1955-09-03;magna@in.org;Lyon;2017-03-29;8687
Madonna;Pittman;1921-10-07;Sed@magnaa.ca;Paris;2017-01-31;1565
Phyllis;Lynn;1935-01-06;magna.Suspendisse.tristique@ullamcorper.org;Paris;2017-04-08;7608
Quamar;Holmes;1945-12-29;congue.turpis.In@estarcuac.org;Toulouse;2017-03-09;3998
Irene;Massey;1994-12-25;amet.consectetuer@quam.co.uk;Paris;2017-02-13;3217
Cody;Estrada;1922-10-26;sapien.imperdiet@fringillacursus.co.uk;Marseille;2017-04-17;1309
Yolanda;Terrell;1922-05-08;amet.ornare@eratnequenon.ca;Nice;2017-02-13;7657
Keith;Battle;2003-10-29;Curabitur.dictum@ligulaconsectetuer.net;Nice;2017-01-10;3557
Carson;Carver;1944-07-29;Quisque.ac@tempuseu.com;Toulouse;2017-05-02;8899
Camille;Goff;1913-07-01;nibh.Phasellus.nulla@Sedet.com;Lyon;2017-01-24;2486
Holly;Chang;2013-12-11;faucibus.ut@fringillaDonecfeugiat.edu;Paris;2017-02-17;8569
Daquan;Ayala;1975-05-03;interdum@convallisdolor.co.uk;Lyon;2017-01-19;3968
Blaine;Summers;1906-07-26;neque.tellus.imperdiet@Sedetlibero.net;Paris;2017-03-31;2217
Odette;Roach;2011-05-29;tincidunt.nibh.Phasellus@nullavulputate.net;Toulouse;2017-04-19;9323
Ria;Robbins;1962-10-17;scelerisque@atortor.edu;Lyon;2017-01-05;7889
Dai;Stafford;1936-08-27;massa@magnis.edu;Toulouse;2017-04-02;8376
Dora;Mckee;1928-09-11;lorem.Donec.elementum@lacusMaurisnon.co.uk;Lyon;2017-05-23;5106
Justina;Delgado;2015-02-16;ligula.Nullam@etultricesposuere.com;Lyon;2017-04-28;2878
Norman;Tucker;2010-04-26;dolor.elit.pellentesque@tinciduntDonec.ca;Marseille;2017-01-09;2002
Sandra;Levine;1951-09-17;Pellentesque.tincidunt.tempus@Etiamlaoreet.org;Nice;2017-02-01;4936
Richard;Ferguson;2009-08-01;Duis@magnisdis.net;Nice;2017-03-20;861
Alvin;Mayo;1912-03-08;massa.Mauris.vestibulum@acipsumPhasellus.org;Toulouse;2017-01-05;4801
Aaron;Kidd;1964-11-30;sed@mauris.net;Marseille;2017-05-15;8202
Inez;Larsen;1990-07-12;Quisque@feugiat.edu;Lyon;2017-01-06;714
Kasper;Nunez;1938-09-23;Fusce@risusQuisque.com;Nice;2017-04-05;7496
Melvin;Mills;1904-02-12;tempor@suscipitnonummy.co.uk;Marseille;2017-04-27;369
Serena;Delgado;2000-02-02;pretium.neque.Morbi@felis.ca;Nice;2017-05-14;8266
Mira;Chen;1992-03-31;ornare.lectus.justo@atnisi.co.uk;Lyon;2017-05-19;2510
Rebecca;Robinson;1917-11-27;orci.lacus.vestibulum@eudui.co.uk;Paris;2017-04-17;2756
Logan;Aguilar;1950-12-03;penatibus.et.magnis@estacfacilisis.ca;Paris;2017-01-26;2842
Elizabeth;Haney;2014-09-29;id.nunc@mattis.org;Paris;2017-04-07;3499
Deacon;Weber;1975-04-19;ac@rutrummagna.co.uk;Marseille;2017-05-04;6824
Jemima;Lang;1904-04-20;diam.eu.dolor@pellentesqueSeddictum.org;Paris;2017-05-02;2014
Upton;Hampton;1925-10-17;tempor@vitaedolor.net;Paris;2017-01-13;3422
Althea;Walter;2010-10-12;cursus.et.magna@Curae.co.uk;Nice;2017-04-22;3357
Lucas;Johnson;2005-09-06;et.eros.Proin@nequesed.edu;Paris;2017-05-27;2320
Francesca;Shelton;1905-10-31;neque.venenatis@ultricies.edu;Lyon;2017-06-01;345
Rafael;Rodriquez;1936-06-18;semper.erat.in@auctornonfeugiat.ca;Nice;2017-04-01;9573
Hayfa;Crosby;2012-12-17;turpis@magnisdisparturient.net;Nice;2017-06-09;9338
Elton;Yang;1943-05-14;non.sapien@idante.org;Lyon;2017-05-07;7030
Thomas;Mcintyre;1905-08-29;amet.lorem@mauris.ca;Paris;2017-03-04;2091
Claire;Walton;1949-03-03;arcu.imperdiet@scelerisque.org;Nice;2017-03-14;584
Denise;Harrington;1975-10-22;Donec@Aliquamornarelibero.com;Nice;2017-04-04;551
Judah;Campos;1974-01-21;magna.Nam.ligula@ornareelit.co.uk;Nice;2017-06-03;6274
Grace;Robles;2009-01-08;Aliquam.ornare@metus.com;Toulouse;2017-04-01;4178
Savannah;Clements;1986-05-23;gravida.non.sollicitudin@etmagnis.com;Nice;2017-01-25;5147
Hasad;Justice;2008-12-28;adipiscing@ipsum.co.uk;Paris;2017-04-17;9420
Rigel;Vaughn;1980-10-10;auctor@Aeneaneget.com;Paris;2017-02-26;639
Maxwell;Mendez;1944-07-24;Praesent@seddui.edu;Paris;2017-02-09;7737
Carly;Dixon;1997-08-08;Sed.eu@Curae.org;Marseille;2017-04-23;687
Laith;Evans;1989-12-30;dolor@maurisMorbi.com;Nice;2017-01-07;9682
Ebony;Bates;1996-04-10;imperdiet@Praesentinterdum.edu;Nice;2017-05-18;136
Claudia;Strong;1942-01-23;lectus.a@Nunc.edu;Lyon;2017-05-27;6088
Roanna;Herman;1999-06-19;non@egestasDuisac.net;Marseille;2017-05-29;2645
Petra;Parks;1912-02-19;nonummy.ultricies@Proinvelit.edu;Toulouse;2017-06-06;8854
Drew;Warren;1921-04-02;ac.ipsum@Donec.org;Lyon;2017-01-06;4958
Janna;Meyers;1950-05-01;quis.lectus.Nullam@Integerurna.edu;Marseille;2017-03-13;1110
Stella;Wade;1962-05-08;et@dolorDonec.com;Marseille;2017-04-01;2101
Minerva;Navarro;1977-10-08;libero.Morbi@nuncsedlibero.edu;Marseille;2017-06-07;9534
Lila;Romero;1998-11-11;enim.diam.vel@acturpis.co.uk;Toulouse;2017-04-24;7306
Irene;Kaufman;1946-04-16;est@InloremDonec.ca;Paris;2017-05-06;6934
Jorden;Preston;2008-01-19;id.blandit@ultricies.ca;Marseille;2017-02-20;8465
David;James;2001-06-08;semper.pretium@atortorNunc.ca;Toulouse;2017-05-13;2902
Daquan;Morris;1927-05-15;tortor@molestie.org;Toulouse;2017-04-05;4388
Tyrone;Powers;1986-07-25;erat.vitae.risus@faucibuslectusa.com;Toulouse;2017-04-07;3523
Keith;Finley;1977-12-25;magnis.dis.parturient@et.ca;Lyon;2017-02-28;339
Mallory;Mcleod;1955-05-17;netus.et@euismodet.co.uk;Toulouse;2017-04-16;7016
Duncan;Zimmerman;1989-06-08;eu.accumsan.sed@egetlaoreetposuere.co.uk;Lyon;2017-05-12;3353
Yael;Small;1914-04-01;magna.sed.dui@necleoMorbi.com;Lyon;2017-04-12;4478
Joan;Munoz;1961-10-01;tortor@gravidaPraesenteu.org;Toulouse;2017-05-17;8081
Constance;Lucas;1903-10-28;eget.metus.eu@ullamcorperDuisat.net;Paris;2017-03-08;3032
Josiah;Knapp;2005-05-12;Donec@turpisnec.org;Toulouse;2017-05-10;7060
Rhonda;Williamson;2008-05-20;amet.diam@et.net;Toulouse;2017-03-03;725
Alea;Thornton;1970-04-13;hymenaeos.Mauris.ut@cursusaenim.com;Lyon;2017-04-13;7415
Risa;Nelson;1989-09-08;mauris.sagittis@Nuncmauris.ca;Nice;2017-06-09;433
Dahlia;Ferguson;2009-04-11;turpis@atlacusQuisque.ca;Nice;2017-01-15;1036
Galvin;Valentine;1995-03-20;egestas@inceptos.edu;Nice;2017-05-03;3787
Kiayada;Torres;1969-07-09;quis@nibhPhasellusnulla.co.uk;Marseille;2017-05-07;6347
Portia;Bowen;1989-01-14;cursus@vestibulumnec.edu;Toulouse;2017-03-06;6332
Tashya;Drake;1960-09-10;enim@lacus.com;Paris;2017-02-17;3184
Keaton;Pope;1931-10-02;Lorem.ipsum@ipsumdolor.ca;Nice;2017-03-22;9044
Kadeem;Scott;1937-04-13;pede.blandit@condimentum.ca;Nice;2017-01-09;7972
Isaac;Yang;1981-11-21;posuere.vulputate.lacus@uterat.ca;Marseille;2017-01-14;6038
Aidan;Rojas;1980-11-08;pharetra.nibh@enimdiam.edu;Nice;2017-04-11;5796
Scarlet;Jacobson;1995-12-27;lacus.Ut.nec@ultricesaauctor.co.uk;Marseille;2017-03-11;6557
Marny;Reynolds;1986-09-07;accumsan.neque@nostra.com;Toulouse;2017-01-14;4076
Justina;Zamora;1965-12-28;dignissim.Maecenas.ornare@amalesuadaid.com;Toulouse;2017-05-06;4865
Herman;Trevino;1961-01-21;magna.et.ipsum@velmauris.edu;Paris;2017-01-12;9456
Zachary;Rosales;1917-08-24;nulla.at.sem@dolor.com;Nice;2017-02-27;1889
Zane;Santos;1998-07-29;pharetra.Nam@tincidunt.net;Nice;2017-02-28;7513
Veda;Bruce;1951-10-25;et.euismod.et@magnis.co.uk;Lyon;2017-03-22;9034
Sacha;Burns;1913-09-18;nunc@ametdiameu.com;Toulouse;2017-05-08;2520
Zachary;Flynn;1983-02-24;nonummy.Fusce@in.com;Marseille;2017-05-05;7082
Jena;Mckay;1971-10-18;faucibus@consectetuercursuset.co.uk;Nice;2017-03-18;4207
Yen;Peters;1946-08-03;ipsum.ac@Craspellentesque.ca;Lyon;2017-05-28;729
Ruby;Blanchard;1918-06-27;dictum@senectusetnetus.co.uk;Toulouse;2017-04-09;1266
Lois;Cohen;1960-11-17;dui@sitamet.ca;Nice;2017-05-01;1708
Bernard;Mclaughlin;1959-07-18;nascetur.ridiculus.mus@eratsemper.co.uk;Marseille;2017-01-26;9515
Gabriel;Zamora;1954-06-14;Nulla.eget@auctorMaurisvel.co.uk;Lyon;2017-01-28;5467
Coby;Valentine;1916-02-24;lorem.ut.aliquam@tellus.edu;Marseille;2017-04-17;8978
Abbot;Salinas;1971-08-05;nec@eu.com;Marseille;2017-05-16;7331
Ria;Shields;2007-10-16;arcu@egestasligula.edu;Lyon;2017-03-13;6142
Nayda;Anthony;1917-01-23;natoque.penatibus.et@risusIn.org;Lyon;2017-04-15;7020
Joel;Chapman;1972-07-06;egestas.ligula.Nullam@acfacilisis.ca;Nice;2017-02-26;7503
Vera;Ballard;2000-06-06;Quisque.tincidunt.pede@Quisque.ca;Toulouse;2017-01-26;1587
Thor;Durham;1968-01-23;Aliquam.rutrum.lorem@loremvehiculaet.ca;Marseille;2017-02-09;6019
Ivory;Welch;2015-01-09;nonummy@liberonecligula.co.uk;Lyon;2017-05-18;5598
Garrison;Frazier;1955-08-25;leo@variusultrices.edu;Marseille;2017-05-17;1524
Dexter;Mcintyre;1920-11-08;Sed@necligula.edu;Paris;2017-01-01;5545
Sylvia;Mendoza;1994-01-05;lobortis.quis@justo.com;Marseille;2017-05-21;1447
Jessamine;Bryant;1985-06-09;Nunc.pulvinar.arcu@anteMaecenasmi.com;Lyon;2017-05-29;1090
Sophia;Powers;1961-06-05;orci.luctus.et@morbi.ca;Lyon;2017-06-06;4584
Meredith;Pacheco;1941-11-14;Nunc.pulvinar.arcu@iaculisnec.ca;Marseille;2017-05-22;8542
Blaze;Clements;1965-03-08;pretium.neque@tellusnonmagna.ca;Lyon;2017-02-17;6987
Jarrod;Bean;1946-02-22;lacinia@posuerevulputate.ca;Nice;2017-06-02;7039
Macaulay;Ayala;1978-02-22;pede.Cum@adipiscingnonluctus.com;Toulouse;2017-04-11;3688
Kessie;Benson;1970-12-29;ipsum@Vivamus.com;Toulouse;2017-01-21;7317
Sasha;Meyers;1959-01-28;pretium.aliquet.metus@quismassaMauris.ca;Marseille;2017-04-16;9166
Candice;Bauer;1967-10-14;orci.Phasellus@neccursusa.ca;Marseille;2017-04-16;6572
Ivan;Cain;1905-10-15;sit@maurisaliquam.edu;Toulouse;2017-05-09;3745
Amaya;Melton;1910-04-29;sit.amet@egestasnuncsed.net;Nice;2017-04-17;3170
Velma;Lyons;1953-10-08;tincidunt.nibh@dictumeu.ca;Toulouse;2017-02-11;9851
Allen;Battle;2016-07-19;nonummy.ac@interdum.co.uk;Paris;2017-04-12;823
Magee;Gallagher;1939-05-03;Donec.feugiat@porttitorinterdumSed.co.uk;Paris;2017-04-29;6729
Adena;Fuentes;1906-10-08;vitae@feugiatSednec.ca;Paris;2017-02-19;1747
Bruno;Juarez;2002-03-22;ipsum@arcu.org;Marseille;2017-01-24;8503
Robin;Hudson;1911-07-20;sociosqu.ad.litora@ametdapibusid.ca;Marseille;2017-05-19;1431
Courtney;Mann;1980-08-24;Vivamus@enimcondimentumeget.org;Lyon;2017-02-07;2418
Hermione;Tran;1981-03-18;nonummy.ipsum.non@libero.edu;Toulouse;2017-01-28;2189
Ralph;Ochoa;2000-11-17;vel.venenatis.vel@tellusfaucibusleo.net;Lyon;2017-02-16;373
George;Mckinney;1954-06-13;tempus.risus@blandit.org;Lyon;2017-05-26;2465
Idona;Rollins;1902-03-22;augue.eu@ac.net;Toulouse;2017-05-06;4472
Raymond;Bradford;1945-11-06;Donec.feugiat@adipiscingfringillaporttitor.ca;Marseille;2017-02-14;5006
Yolanda;Stewart;2008-02-05;Nam.ligula.elit@eget.com;Marseille;2017-02-16;973
Joshua;Carrillo;1933-10-11;nunc.sit@blanditcongueIn.ca;Toulouse;2017-01-10;1715
Melinda;Dickson;1951-12-27;metus.Aliquam@loremut.co.uk;Paris;2017-01-29;6036
Azalia;Hyde;1908-02-06;In.ornare@nequeNullam.edu;Nice;2017-03-20;247
Rose;Oliver;1927-05-06;Nulla@laciniavitaesodales.ca;Paris;2017-04-30;6968
David;Richards;1909-02-17;egestas@mus.ca;Paris;2017-04-21;5154
Risa;Lynch;1994-09-11;est.congue.a@dolor.ca;Paris;2017-04-23;2356
Anne;Romero;1985-04-27;Suspendisse.non.leo@eudoloregestas.net;Paris;2017-04-18;2431
Leroy;Rosales;1984-09-19;suscipit.nonummy.Fusce@vitaerisus.edu;Nice;2017-01-16;3777
Sonya;Keller;1964-09-29;Fusce@eleifend.ca;Lyon;2017-04-20;5588
Helen;Heath;1912-07-14;consequat@Vestibulumanteipsum.net;Marseille;2017-02-05;5163
Zachary;Hood;1938-01-26;mauris.id@tempuseuligula.net;Nice;2017-04-26;4901
Sloane;Sampson;1920-03-06;nisl.Quisque@Nullaaliquet.net;Paris;2017-05-24;3796
Adara;Wilkinson;1907-10-27;feugiat@ipsumacmi.com;Nice;2017-01-11;7509
Shad;Haley;1900-07-25;ultrices.posuere.cubilia@turpis.edu;Lyon;2017-02-08;2225
Tarik;Bauer;2015-03-03;turpis.non@nibhlaciniaorci.org;Toulouse;2017-02-07;1720
Driscoll;Flowers;1916-08-27;ut.odio@elit.co.uk;Nice;2017-03-04;813
Ayanna;Oneill;1935-10-09;Vivamus.nisi.Mauris@duisemper.co.uk;Toulouse;2017-04-17;5915
Matthew;Cash;1963-08-30;dis.parturient.montes@elitsedconsequat.edu;Lyon;2017-02-22;6621
Joel;Gardner;2008-04-04;enim.consequat@estmauris.net;Toulouse;2017-01-29;9340
Jamalia;Cervantes;1976-12-01;felis@interdum.org;Toulouse;2017-01-04;6728
Zeus;Ratliff;1952-12-12;lobortis.tellus.justo@porttitor.ca;Toulouse;2017-05-28;5058
Nora;Waller;1971-06-20;nulla.Integer.vulputate@luctuset.org;Paris;2017-01-30;1997
Adena;Castillo;1910-01-15;et.magna.Praesent@egestashendreritneque.org;Paris;2017-01-10;6553
Elton;Cruz;1960-09-19;Vivamus.nisi.Mauris@maurissagittis.net;Toulouse;2017-02-28;9841
Kelly;Santos;1905-09-07;ullamcorper.Duis.cursus@mattis.edu;Lyon;2017-01-14;9939
Diana;Ayala;1954-03-21;risus.Duis.a@nibh.edu;Lyon;2017-02-25;4361
Jillian;Mccormick;1964-10-18;tempus.mauris.erat@lobortisquama.edu;Toulouse;2017-05-28;9968
Sebastian;Hickman;1995-09-09;laoreet.ipsum.Curabitur@Morbiaccumsanlaoreet.ca;Nice;2017-04-30;8441
Savannah;Nielsen;1921-05-13;Nunc@odio.edu;Paris;2017-05-24;5892
Clarke;Mcclure;2009-11-14;at.iaculis@tellusfaucibus.ca;Nice;2017-05-02;532
Carter;Gross;1957-09-26;lorem.tristique@tristiqueac.net;Lyon;2017-05-01;3279
Reuben;Rowland;1922-05-10;nec.ante@tellusidnunc.ca;Paris;2017-02-25;3449
Brandon;Schroeder;1929-09-19;erat@interdumlibero.co.uk;Marseille;2017-05-18;8882
Kibo;Conrad;1998-08-31;erat.volutpat@et.org;Marseille;2017-03-18;6392
Clio;Grant;1955-05-29;arcu@Duis.ca;Lyon;2017-04-28;3126
Hop;Lott;1996-07-07;diam.luctus.lobortis@sem.ca;Nice;2017-01-25;6626
Carson;Turner;1933-02-09;magna.et@metus.ca;Toulouse;2017-04-09;7654
Mona;Rasmussen;1983-11-21;Vivamus.nisi@id.ca;Marseille;2017-05-11;6694
Tashya;Shepard;1961-10-16;sed.dolor.Fusce@elitpellentesquea.co.uk;Lyon;2017-04-12;6359
Nora;Perry;1997-01-06;erat@quamPellentesque.edu;Lyon;2017-02-21;5990
Hiram;Dunlap;1907-01-18;tellus@consequatpurus.co.uk;Toulouse;2017-03-06;5318
Brooke;Kelly;1959-01-23;at.iaculis@Donec.ca;Toulouse;2017-01-04;7088
Camille;Mooney;1975-04-19;Sed@nullaante.edu;Nice;2017-03-06;8420
Ferris;Lloyd;1958-11-25;dignissim.Maecenas.ornare@ipsumDonec.com;Toulouse;2017-03-15;7537
Breanna;Clarke;1950-01-16;libero.Donec.consectetuer@interdum.com;Toulouse;2017-05-01;5616
Mannix;Monroe;2004-08-28;fermentum.vel.mauris@orci.ca;Lyon;2017-03-21;3880
Hedda;Case;1955-04-17;dolor.nonummy@consectetuer.edu;Lyon;2017-01-29;9556
Rosalyn;Cantu;2015-10-25;consequat.dolor.vitae@enimmitempor.com;Marseille;2017-06-02;8450
Dale;Cash;2000-06-19;nisi.magna.sed@Etiamligulatortor.com;Toulouse;2017-02-13;6784
Bell;Clements;1972-02-21;interdum@nonquamPellentesque.org;Toulouse;2017-02-27;573
Nomlanga;Robles;2008-07-02;sodales.at@arcuvel.ca;Paris;2017-01-26;3158
Cleo;Camacho;1962-08-06;sed.hendrerit@pretiumneque.edu;Marseille;2017-02-24;224
Raphael;Christian;1943-02-16;at@pharetra.co.uk;Lyon;2017-05-08;2651
Maia;Wilkerson;1903-11-02;pretium.neque@elit.com;Lyon;2017-06-07;506
Madonna;England;1961-03-17;nec.ligula.consectetuer@eget.ca;Nice;2017-01-29;1532
Yuli;Owen;1964-05-05;convallis.ligula.Donec@atfringilla.ca;Lyon;2017-05-04;1431
Aimee;Graves;1913-04-23;nec@loremDonec.edu;Marseille;2017-03-12;860
Justine;Kirkland;1950-11-10;massa.Integer@at.com;Nice;2017-03-30;3295
Geraldine;Fisher;1902-10-24;a.ultricies@nequeNullam.org;Lyon;2017-01-14;6082
Jade;Rowe;1994-11-19;odio@atsem.com;Marseille;2017-01-18;4755
Damian;Lott;1972-07-31;ac.feugiat@risus.ca;Toulouse;2017-05-05;1778
Colton;Wiley;1939-07-08;imperdiet.non@Phasellusornare.com;Marseille;2017-05-08;1411
Malcolm;Atkinson;1945-07-30;rutrum@sociosqu.edu;Toulouse;2017-03-19;4280
Dora;Cardenas;1959-08-03;a.feugiat@aliquetnecimperdiet.net;Nice;2017-01-21;6386
Cora;Walters;1992-01-15;rutrum@auctorodioa.org;Marseille;2017-03-26;2804
Velma;Andrews;1996-07-23;eleifend.egestas.Sed@sollicitudin.edu;Nice;2017-03-11;6816
Arden;Armstrong;1953-01-17;velit@magnaUt.org;Lyon;2017-01-28;6665
Thomas;Hubbard;1978-10-12;sagittis.Duis@tempus.net;Paris;2017-04-17;4882
Aaron;Rivera;1989-09-07;non.luctus.sit@sedest.ca;Toulouse;2017-03-02;7897
Fleur;Barker;1961-11-28;odio.Aliquam.vulputate@Morbinonsapien.net;Marseille;2017-01-11;5728
Nicole;Hopkins;1935-04-17;porttitor.tellus@Proin.net;Nice;2017-03-28;6320
Abbot;Holden;1982-02-20;Donec@est.ca;Nice;2017-05-16;9086
Zahir;Vincent;1965-03-13;malesuada@nibh.net;Toulouse;2017-01-23;1240
Carol;Lane;1952-10-29;commodo@Duisat.edu;Paris;2017-01-24;9828
Cassandra;Velazquez;1986-07-16;non@orci.com;Toulouse;2017-03-14;1463
Rosalyn;Haley;1963-12-16;nec@gravidasit.com;Paris;2017-03-12;7634
Tad;Sawyer;2001-08-23;ante@ipsum.co.uk;Lyon;2017-05-09;4211
Dieter;Hart;1966-11-22;orci.lacus@bibendum.edu;Marseille;2017-04-26;6352
Orlando;Frank;2001-06-17;nibh.lacinia.orci@Pellentesqueultricies.com;Paris;2017-01-05;1530
Marsden;Alvarez;1999-09-06;ut.pellentesque.eget@loremsitamet.com;Paris;2017-02-22;1701
Graiden;Young;1908-10-23;augue.eu@tinciduntvehicularisus.net;Marseille;2017-03-15;6736
Castor;Swanson;1949-08-29;tempor.arcu.Vestibulum@Donec.org;Marseille;2017-01-09;1595
Avye;Johnson;1914-03-21;augue.id@velitjusto.edu;Paris;2017-05-24;1120
Morgan;Buckner;2006-09-06;parturient.montes.nascetur@Aliquamfringillacursus.com;Lyon;2017-05-25;5757
Seth;Landry;1925-08-09;Sed@vitaemauris.edu;Paris;2017-01-13;4032
Carla;Pennington;1985-11-24;ornare.placerat.orci@vel.co.uk;Paris;2017-01-11;1992
Janna;Mcdaniel;1962-05-05;dolor.Donec@dictum.net;Paris;2017-04-19;6855
Brenna;Bullock;1921-08-09;Phasellus.ornare.Fusce@DonectinciduntDonec.com;Lyon;2017-05-22;2886
Eve;Ellison;1925-08-09;euismod@risusNuncac.ca;Lyon;2017-02-15;2081
Jakeem;Blake;1952-11-02;iaculis.odio@mattissemperdui.com;Toulouse;2017-05-22;1670
Tatum;Huber;1967-05-14;aliquet@tempuslorem.edu;Nice;2017-03-29;1187
Paul;Ashley;2005-04-12;libero.nec.ligula@augueeu.ca;Lyon;2017-02-01;8918
Camille;Dodson;1975-04-02;Sed.id.risus@Morbiquisurna.co.uk;Paris;2017-03-21;8565
Xander;Villarreal;1945-09-08;nec.ante.blandit@turpisIncondimentum.net;Marseille;2017-06-08;1587
Lana;Sheppard;1916-08-12;hendrerit@duinecurna.com;Marseille;2017-06-04;7211
Griffin;Hernandez;2001-09-19;Aliquam@tristiqueneque.edu;Lyon;2017-03-02;6592
Jamalia;Ayers;1992-04-15;a.sollicitudin@loremsemper.ca;Paris;2017-01-16;3338
Orla;Wallace;1965-10-28;amet.faucibus.ut@estac.com;Paris;2017-05-08;4203
Stephanie;Bond;2015-01-24;Cum@mauris.co.uk;Lyon;2017-04-14;478
Genevieve;Weiss;2011-04-25;est@iaculisodio.org;Lyon;2017-05-28;4029
Allegra;Lawrence;1919-05-02;dolor.egestas.rhoncus@Maurisvelturpis.com;Paris;2017-05-10;7360
Lenore;Cortez;1909-01-01;mi.lacinia@ornare.org;Lyon;2017-01-20;1977
Faith;Farmer;1943-12-14;eros.turpis.non@tortor.org;Toulouse;2017-03-23;2503
Sonia;Callahan;1929-06-03;netus.et@hendreritnequeIn.ca;Lyon;2017-01-28;4849
Edan;Cline;1963-06-21;felis@estacmattis.edu;Paris;2017-04-29;5315
Brendan;Glenn;1927-02-17;massa@porta.net;Lyon;2017-04-02;3470
Lamar;Ramos;1970-08-09;dis@lacus.com;Paris;2017-03-19;4915
Wyoming;Banks;1984-09-11;Suspendisse.commodo@temporloremeget.edu;Paris;2017-01-20;5945
Macey;Logan;1961-09-04;ac.urna@bibendumfermentummetus.com;Toulouse;2017-06-01;4419
Zelda;Day;1905-02-11;dapibus@InloremDonec.ca;Toulouse;2017-02-10;6847
Rudyard;Sullivan;1905-03-04;Aliquam.nisl.Nulla@dapibusid.com;Nice;2017-05-25;7169
Alvin;Frederick;1992-06-19;tempor.erat@tellusloremeu.com;Paris;2017-03-26;8048
Basia;Casey;1938-07-10;egestas.urna@nectempusscelerisque.edu;Lyon;2017-03-06;9792
Anika;Gallagher;1980-11-15;habitant@afelis.ca;Toulouse;2017-03-08;9269
Erica;Sandoval;1938-09-04;ornare.libero@Sedmolestie.edu;Marseille;2017-04-05;6021
Daria;Mclean;1979-08-05;lobortis.quam@auctorquistristique.org;Lyon;2017-04-14;3112
Odysseus;Stein;1977-03-09;ac@in.net;Paris;2017-02-05;4914
MacKensie;Conrad;1947-07-19;ullamcorper.Duis.at@sagittis.co.uk;Marseille;2017-04-27;7410
Oprah;Barnett;1905-02-07;pede.Suspendisse@tellusimperdiet.com;Nice;2017-06-01;7667
Isaiah;Walker;1951-03-23;Sed.eu.eros@Loremipsum.co.uk;Toulouse;2017-01-24;7215
Imogene;Pate;1985-02-27;sem.mollis.dui@elitAliquam.co.uk;Toulouse;2017-03-27;9095
Leslie;Harris;1918-06-06;rutrum.Fusce@dapibusgravidaAliquam.co.uk;Toulouse;2017-01-15;8496
Lesley;Winters;1984-03-02;nibh@eget.ca;Nice;2017-05-31;7203
Eliana;Dejesus;2002-04-29;Phasellus.nulla.Integer@egetmagnaSuspendisse.org;Marseille;2017-04-18;9577
Paul;Mcdonald;1965-12-03;interdum.Nunc.sollicitudin@metusAliquamerat.net;Paris;2017-04-27;1654
Cassandra;Delacruz;2016-08-06;rutrum@temporerat.ca;Marseille;2017-04-16;3775
Tanya;Sargent;1937-06-15;convallis.erat@interdumCurabitur.edu;Lyon;2017-03-17;8792
Alyssa;Johnson;1983-11-04;aliquet.lobortis.nisi@posuereenim.co.uk;Lyon;2017-05-11;3685
Carol;Santana;1965-02-06;Curabitur.ut@rutrummagnaCras.edu;Lyon;2017-03-07;8206
Graiden;Manning;1959-01-13;nulla@Donec.ca;Nice;2017-03-15;5230
Colorado;Bradford;1996-12-18;consectetuer@luctus.edu;Nice;2017-03-14;9273
Winifred;Swanson;2005-05-14;lobortis@quamelementumat.com;Paris;2017-04-27;4335
Leo;Britt;2006-06-08;vel@condimentum.net;Paris;2017-04-19;3435
Briar;Thornton;1974-07-29;mauris@temporestac.org;Paris;2017-03-31;5991
Brent;Blake;1961-04-07;Suspendisse.eleifend@euaugue.org;Paris;2017-01-09;3444
Ronan;Powers;1922-10-14;rhoncus@vitaealiquam.co.uk;Paris;2017-04-23;2987
Orla;Rivera;1918-01-29;malesuada@duiaugueeu.com;Marseille;2017-02-08;0
Salvador;Bridges;1951-12-09;fames.ac.turpis@atnisi.edu;Nice;2017-02-06;2023
Yen;Byrd;2002-04-21;id.magna.et@sem.co.uk;Nice;2017-06-06;635
Kyra;Martinez;1906-10-29;Suspendisse.dui@viverraMaecenasiaculis.org;Lyon;2017-05-14;1846
Tallulah;Dominguez;2011-07-16;natoque@ultriciessem.co.uk;Nice;2017-02-27;745
Jermaine;Randall;1974-03-05;egestas@amet.edu;Toulouse;2017-01-16;1415
Roth;Best;1948-09-25;amet.consectetuer@hymenaeosMauris.org;Lyon;2017-03-31;837
Tanya;Woodward;1951-08-25;sapien.Aenean.massa@placerat.com;Lyon;2017-05-27;8635
Lester;Hatfield;2011-01-23;lobortis@dui.ca;Nice;2017-05-08;7425
Urielle;Figueroa;2014-03-14;placerat.velit@nonummy.org;Paris;2017-03-29;5816
Bradley;Soto;1976-06-05;amet.consectetuer.adipiscing@ametorci.co.uk;Toulouse;2017-02-17;4498
Petra;Horn;1922-02-10;Vivamus.nibh@Duissit.ca;Nice;2017-04-30;4928
Ivana;Miller;1930-05-12;elit.a.feugiat@Integersem.ca;Toulouse;2017-05-26;3854
Tobias;Bradford;1991-05-06;libero.Integer@nequeIn.org;Paris;2017-05-12;1780
Yael;Spence;1980-01-22;erat.volutpat@ridiculusmusAenean.ca;Lyon;2017-05-12;4571
Minerva;Roberts;1945-12-22;mauris.Morbi@odiosemper.ca;Lyon;2017-05-19;204
Rowan;Tillman;2015-08-28;Maecenas.ornare.egestas@nequeseddictum.com;Toulouse;2017-05-03;9733
Portia;Schmidt;1908-02-04;luctus.Curabitur@duiinsodales.org;Marseille;2017-05-12;7500
Erica;Walters;1943-10-25;amet.ultricies.sem@Duisatlacus.co.uk;Toulouse;2017-05-05;5298
Emily;Brennan;1996-04-30;turpis.Aliquam@posuere.edu;Toulouse;2017-04-03;5761
Kristen;Rosa;1927-12-13;congue@commodoauctorvelit.com;Nice;2017-02-14;5567
Eric;Hebert;1940-01-11;Integer.in.magna@ullamcorpereueuismod.edu;Nice;2017-03-03;414
MacKensie;Watkins;2015-05-23;Proin@metusIn.com;Nice;2017-04-24;2587
Ori;Boyd;1997-12-11;augue.ut@enim.com;Toulouse;2017-01-02;2345
Willa;Abbott;1987-02-27;neque.et.nunc@maurisMorbi.net;Lyon;2017-05-01;8051
Zahir;Workman;2004-07-14;ut.molestie.in@nec.edu;Toulouse;2017-04-03;781
Pearl;Flowers;1988-06-04;Donec.egestas.Duis@Cumsociisnatoque.com;Paris;2017-06-01;323
Anika;Benton;1918-07-09;non@Maurisvestibulumneque.com;Lyon;2017-05-30;4546
Courtney;Yang;2001-07-07;leo.Cras.vehicula@nuncacmattis.net;Lyon;2017-03-14;6932
Kirby;Carr;1900-08-30;purus.ac.tellus@est.org;Paris;2017-01-07;9634
Lane;Roman;2006-09-18;eget@sed.co.uk;Toulouse;2017-04-19;780
Ian;Garza;1902-10-01;et@Pellentesquetincidunttempus.com;Marseille;2017-05-03;2152
Dante;Harmon;1941-08-20;non.dapibus@consectetueradipiscing.com;Toulouse;2017-05-24;7650
Alma;Hayes;1931-06-13;nisl@odio.net;Toulouse;2017-02-18;1416
Kamal;Rojas;1963-10-15;tempus.scelerisque@eratinconsectetuer.ca;Paris;2017-01-26;3516
Barry;Macdonald;1959-03-29;tincidunt@Donec.ca;Nice;2017-03-17;4686
Leslie;Hicks;1919-02-02;amet.ornare@consectetuer.co.uk;Lyon;2017-01-21;7888
Claudia;Shannon;1977-04-22;blandit.enim@Fusce.net;Paris;2017-05-31;7166
Odysseus;Lowe;1964-09-30;tempor@Aliquamerat.net;Nice;2017-03-05;9669
Gwendolyn;Swanson;1955-11-24;vulputate@ametconsectetuer.ca;Lyon;2017-03-28;2900
Savannah;Trevino;1949-06-13;non.dapibus.rutrum@quam.co.uk;Marseille;2017-05-07;9512
Ira;Gordon;1928-03-27;vulputate@Duismi.co.uk;Marseille;2017-04-29;6811
Hamish;Ramsey;1965-08-12;nec@maurisrhoncusid.edu;Nice;2017-01-17;7933
Taylor;Abbott;1995-03-30;erat.vel@mollis.co.uk;Nice;2017-05-06;7698
Bruce;Campos;1965-08-12;In.ornare.sagittis@magnanecquam.net;Nice;2017-02-11;9577
Renee;Evans;1936-10-26;senectus.et@velitAliquam.org;Nice;2017-02-04;8100
Shad;Crane;1911-10-21;lorem.Donec@dolorQuisquetincidunt.ca;Toulouse;2017-04-04;7870
Daryl;Hurley;1972-12-28;ultricies.ornare.elit@volutpat.com;Marseille;2017-03-22;9988
Akeem;Hutchinson;1948-12-27;Nulla@semper.edu;Nice;2017-04-20;4058
Jane;Ochoa;1966-04-09;est@egestasa.ca;Toulouse;2017-05-20;3618
Janna;Golden;1915-01-26;diam@egetmetuseu.net;Paris;2017-02-27;5361
Paula;Villarreal;1901-01-03;faucibus@DonecestNunc.edu;Paris;2017-03-18;2538
Reed;Greene;1953-06-28;volutpat@Etiamimperdiet.co.uk;Lyon;2017-01-27;4023
Ora;Bonner;2009-12-30;gravida@Phasellusvitae.org;Lyon;2017-05-22;2013
Aubrey;Freeman;1908-08-30;nec@ac.net;Paris;2017-02-22;2797
Claudia;Roberson;2001-09-07;enim.Sed@sodalesnisi.org;Marseille;2017-05-30;2841
Jolene;Aguilar;1966-12-17;felis@ornaretortor.net;Marseille;2017-05-30;1533
Zeph;Hart;2011-07-23;malesuada.augue.ut@vehiculaaliquet.com;Lyon;2017-01-27;6137
Eleanor;Allen;1973-09-25;at.arcu@seddui.net;Marseille;2017-03-08;3214
Eden;Farmer;1983-04-23;aliquet@pharetra.org;Marseille;2017-03-26;397
Freya;Travis;1992-07-25;nec@mus.com;Lyon;2017-01-31;3183
Uriel;Nielsen;1910-02-18;ultricies.sem.magna@tristiquesenectus.net;Paris;2017-05-29;3511
Lewis;Mills;1917-08-21;libero.Morbi@Morbinon.ca;Marseille;2017-05-11;9009
Len;Holt;2007-12-09;felis.adipiscing.fringilla@Aeneanegetmagna.ca;Lyon;2017-01-03;243
Danielle;Robbins;2014-12-20;et.tristique.pellentesque@vulputateveliteu.co.uk;Paris;2017-05-30;7371
Simone;Parker;1966-05-13;consequat@orciconsectetuer.edu;Toulouse;2017-02-01;1269
Audra;Warren;1903-03-05;aliquet.metus@facilisisvitae.com;Nice;2017-02-08;5397
Kylie;Key;1968-11-15;ante.dictum@lorem.net;Lyon;2017-03-11;1296
Driscoll;Mcbride;1968-06-22;id.ante.Nunc@Proin.org;Toulouse;2017-03-23;2420
Samantha;Wynn;1991-09-06;Morbi.non.sapien@magna.com;Toulouse;2017-04-05;7094
Burke;Cash;1947-01-27;risus@auctornunc.net;Marseille;2017-05-11;9701
Rebekah;Harrison;1968-03-18;In.scelerisque@liberoduinec.com;Lyon;2017-03-15;876
Regina;Head;1934-08-16;cubilia.Curae.Phasellus@ut.com;Marseille;2017-05-06;44
Vivien;Whitney;1933-06-30;Sed@vitaemauris.com;Paris;2017-04-23;448
Mallory;Bright;1977-11-18;cursus.et.eros@velitjustonec.net;Marseille;2017-04-18;856
Leandra;Whitney;1941-09-09;lobortis.tellus@sagittis.co.uk;Marseille;2017-04-25;5587
Thor;Walters;1989-07-16;eu.ligula.Aenean@pedeblandit.edu;Nice;2017-05-05;6826
Victoria;Perkins;1984-10-10;volutpat@Sedpharetrafelis.com;Nice;2017-03-14;2044
Aubrey;Mccoy;1954-01-22;eu.metus@penatibusetmagnis.co.uk;Paris;2017-03-08;8066
Colton;Phelps;1986-10-17;venenatis.lacus.Etiam@arcu.net;Marseille;2017-06-03;8133
Walker;Davenport;1982-07-14;Sed@ipsum.org;Toulouse;2017-02-23;6334
Petra;Flores;1958-09-02;ante.ipsum.primis@nequesedsem.org;Lyon;2017-04-19;5739
Colt;Bailey;1963-06-21;arcu.Vestibulum@vitaemauris.com;Nice;2017-01-11;9673
Demetrius;Conley;1995-05-15;a@vulputaterisus.org;Toulouse;2017-04-23;5095
Aphrodite;Miranda;2004-05-02;magna.Nam.ligula@utnisia.ca;Marseille;2017-06-05;1387
Stella;Delacruz;1969-12-24;sit.amet@tempusmauris.co.uk;Paris;2017-02-06;6996
Dean;Rivers;1934-04-06;scelerisque.mollis.Phasellus@mattissemper.org;Nice;2017-02-16;6346
Shafira;Romero;1910-08-01;aliquet.lobortis@pedeetrisus.ca;Toulouse;2017-02-25;5306
Leandra;Clements;1940-11-10;lacinia@Suspendisse.ca;Paris;2017-03-23;2663
Cedric;Hays;1922-11-05;Nunc@commodo.co.uk;Nice;2017-02-01;5755
Hayes;Pearson;1986-02-28;augue.ac@posuereat.co.uk;Lyon;2017-03-25;9644
Gannon;Burgess;2004-08-09;bibendum.Donec.felis@mauris.com;Paris;2017-03-27;4601
Winter;Russell;2016-11-24;amet.ante.Vivamus@condimentum.edu;Nice;2017-05-08;316
Mallory;Noble;1924-02-10;ultrices.posuere.cubilia@dolorvitaedolor.edu;Marseille;2017-04-27;9773
Alfonso;Farrell;2005-08-15;ipsum@Phasellusat.edu;Marseille;2017-06-05;3926
Elvis;Barrera;1950-05-01;ac.mi.eleifend@quisarcuvel.ca;Nice;2017-06-01;445
Cassady;Blackwell;1934-07-05;eu.metus.In@sem.co.uk;Nice;2017-03-06;6720
Daniel;Hammond;1920-02-23;nonummy.ut@pedenonummy.ca;Lyon;2017-05-06;6058
Cherokee;Rich;1991-09-15;erat.eget@vel.ca;Nice;2017-05-13;940
Audra;Clarke;1994-02-23;dui@vulputate.net;Nice;2017-03-16;4515
Tobias;Blake;1990-05-31;a.dui@faucibusorciluctus.net;Lyon;2017-01-13;6677
Regan;Sanders;1991-07-20;bibendum.ullamcorper.Duis@molestietellus.ca;Marseille;2017-01-14;9961
Hermione;Waller;1950-07-06;tellus.lorem.eu@Sed.edu;Nice;2017-04-01;2965
Rhoda;Carrillo;1908-02-26;Mauris.nulla.Integer@risusDonecnibh.org;Marseille;2017-02-16;972
Quentin;Fischer;1936-02-12;fermentum@elementum.net;Toulouse;2017-03-23;208
Brennan;Stein;2011-07-11;dictum@nequevenenatislacus.net;Paris;2017-02-10;6285
Nissim;Pennington;1972-04-17;massa.rutrum@lacusvarius.ca;Toulouse;2017-05-24;763
Ursula;Barker;1930-02-01;bibendum.fermentum@quispede.edu;Marseille;2017-03-19;2936
